what is this platform,spe_what_alute_is
what is alute,spe_what_alute_is
can u tell me something about alute,spe_what_alute_is
What is Alute?,spe_what_alute_is
alute,spe_what_alute_is
What is the website alute ?,spe_what_alute_is
Tell something about alute,spe_what_alute_is
Alute? What is it,spe_what_alute_is
What exactly is alute,spe_what_alute_is
What does alute mean ?,spe_what_alute_is
What alute means?,spe_what_alute_is
What is the detailed meaning of alute ?,spe_what_alute_is
what is your platform alute?,spe_what_alute_is
can you tell me what is alute?,spe_what_alute_is
I donât know what is alute,spe_what_alute_is
Introduce me to Alute,spe_what_alute_is
explain what is alute,spe_what_alute_is
what to do,spe_alute_purpose
how alute works,spe_alute_purpose
What all functionalities does Alute have,spe_alute_purpose
how to use this platform,spe_alute_purpose
Can we know what alute does,spe_alute_purpose
what alute do,spe_alute_purpose
What is the function of alute?,spe_alute_purpose
What does alute do ?,spe_alute_purpose
What alute does?,spe_alute_purpose
What does alute does ?,spe_alute_purpose
What does alute do ?,spe_alute_purpose
What is the main role of alute?,spe_alute_purpose
What is the role of alute?,spe_alute_purpose
What do alute do ?,spe_alute_purpose
What is the function of alute ?,spe_alute_purpose
what is alute for?,spe_alute_purpose
what is function of alute?,spe_alute_purpose
Tell me the function of alute,spe_alute_purpose
What can I do on alute?,spe_alute_purpose
Tell me everything I can do on alute,spe_alute_purpose
What is the purpose of alute?,spe_alute_purpose
What all can I do on alute?,spe_alute_purpose
alute origin,spe_alute_since_when
how long alute running,spe_alute_since_when
since when is this platform existing,spe_alute_since_when
Year in which alute came into existence,spe_alute_since_when
How long has alute been around,spe_alute_since_when
who made alute,spe_alute_since_when
How long have you been using alute?,spe_alute_since_when
Since when alute is in work ?,spe_alute_since_when
How old is alute,spe_alute_since_when
Since when was alute around ?,spe_alute_since_when
How long alute has been around ?,spe_alute_since_when
How long alute has been around ?,spe_alute_since_when
Since when has alute been around?,spe_alute_since_when
Since when was alute around ?,spe_alute_since_when
From when has alute been around ?,spe_alute_since_when
since how long is alute in existance?,spe_alute_since_when
alute history,spe_alute_since_when
tell me how old is alute,spe_alute_since_when
since when is alute active,spe_alute_since_when
how long since alute was born?,spe_alute_since_when
when did alute come in existance?,spe_alute_since_when
domains,spe_alute_domains
Can u tell me the domains that alute support,spe_alute_domains
different domains support,spe_alute_domains
which domains are supported here?,spe_alute_domains
Can u tell me abt the domains that alute support,spe_alute_domains
projects domains,spe_alute_domains
What are the domains which alute supports ?,spe_alute_domains
Which domains does alute support?,spe_alute_domains
Which all domains does alute support?,spe_alute_domains
What are the domains which alute support,spe_alute_domains
What are the domains which alute support ?,spe_alute_domains
Which all domains does alute support ?,spe_alute_domains
List the domains which alute supports ?,spe_alute_domains
Mention the domains which alute support ?,spe_alute_domains
Pick some domains which alute supports ?,spe_alute_domains
which all domains can I make project in on alute,spe_alute_domains
is there a domain constraint?,spe_alute_domains
is there a domain limit?,spe_alute_domains
does alute support all tech domains?,spe_alute_domains
domain list,spe_alute_domains
tell me which all domains does alute support,spe_alute_domains
what are credits,spe_alute_credits
credits,spe_alute_credits
what is the meaning of credits,spe_alute_credits
what are credits in alute?,spe_alute_credits
Tell me about credits,spe_alute_credits
what do you mean by credits,spe_alute_credits
What are credits in alute?,spe_alute_credits
What are the credits here ?,spe_alute_credits
What are credits in alute,spe_alute_credits
What does credit stand for  here?,spe_alute_credits
What are credits in this case ?,spe_alute_credits
What are credits in this situation ?,spe_alute_credits
What are credits here ?,spe_alute_credits
What does credit represent here ?,spe_alute_credits
What does credit stands for ?,spe_alute_credits
what are alute credits?,spe_alute_credits
tell me about alute credits,spe_alute_credits
what are credits in alute?,spe_alute_credits
what are credits?,spe_alute_credits
can alute credits be used outside this platform,spe_alute_credits
what is credits feature?,spe_alute_credits
what is alutoze,spe_alutoze_what
alutoze,spe_alutoze_what
what to do with alutoze?,spe_alutoze_what
tell me something about alutoz,spe_alutoze_what
What exactly are alute here?,spe_alutoze_what
What are alutoze?,spe_alutoze_what
What are alutoze?,spe_alutoze_what
What exactly are alutoze?,spe_alutoze_what
What do alutoze represent here ?,spe_alutoze_what
What does alutoze symbolise here?,spe_alutoze_what
What does alutoze mean here ?,spe_alutoze_what
What exactly are alutoze here ?,spe_alutoze_what
what do you mean by alutoze?,spe_alutoze_what
tell me about alutoze,spe_alutoze_what
give details about alutoze,spe_alutoze_what
more info about alutoz,spe_alutoze_what
are alutoze only for this platform,spe_alutoze_what
what to do with alutoze,spe_alutoze_what
what is the benefit of earning alutoze,spe_alutoze_what
will alutoze help in my resume,spe_alutoze_what
alutoze details,spe_alutoze_what
how can i earn alutoze,spe_alutoze_get_how
how do i get alutoze,spe_alutoze_get_how
how to earn alutoze,spe_alutoze_get_how
May i know when do I get alutoze,spe_alutoze_get_how
get alutoz,spe_alutoze_get_how
How long before I get alutoz?,spe_alutoze_get_how
Wham can I get alutozes?,spe_alutoze_get_how
After what all can I get alutoze?,spe_alutoze_get_how
When will I get an alutoz?,spe_alutoze_get_how
When do I get an alutoz?,spe_alutoze_get_how
When do I get alutoz ?,spe_alutoze_get_how
When will I get my alutoz ?,spe_alutoze_get_how
When will I get an alutoz?,spe_alutoze_get_how
When do I get alutoz ?,spe_alutoze_get_how
When will I be ready to get an alutoz?,spe_alutoze_get_how
how to get alutoze,spe_alutoze_get_how
how can I get alutoze,spe_alutoze_get_how
when will I get alutoze,spe_alutoze_get_how
how can i earn credits,spe_credits_get_how
how do i get credits,spe_credits_get_how
how to work for credits,spe_credits_get_how
When do I get credits?,spe_credits_get_how
earn credits,spe_credits_get_how
When exactly will I get credits ?,spe_credits_get_how
When do I get credits,spe_credits_get_how
When do I get credits?,spe_credits_get_how
How can I get credits?,spe_credits_get_how
When will I get my credit?,spe_credits_get_how
When exactly do I get credits ?,spe_credits_get_how
When do I get credits ?,spe_credits_get_how
When will I get credit ?,spe_credits_get_how
When am I supposed to get credits ?,spe_credits_get_how
When will I be getting credits ?,spe_credits_get_how
how will I get credits?,spe_credits_get_how
I need credits,spe_credits_get_how
who will approve project,spe_proj_req_appr
who will approve my project request,spe_proj_req_appr
by whom will my project request be approved?,spe_proj_req_appr
Who will approve the project request,spe_proj_req_appr
my project apporval,spe_proj_req_appr
Who is going to approve the project request ?,spe_proj_req_appr
Who is going approve project request ?,spe_proj_req_appr
Who will approve project request,spe_proj_req_appr
I got request pending who will approve it?,spe_proj_req_appr
Who is going to approve the project request?,spe_proj_req_appr
Who will be approving the project request ?,spe_proj_req_appr
Who is going to approve the project request ?,spe_proj_req_appr
Who will be approving the project request ?,spe_proj_req_appr
Who will be approving the project ?,spe_proj_req_appr
Who will be approving the project requests ?,spe_proj_req_appr
which authority will accept project request?,spe_proj_req_appr
when will my project request be accepted?,spe_proj_req_appr
how to get project request approved,spe_proj_req_appr
approve my project request,spe_proj_req_appr
who is admin of website,spe_admin_who
who are admins here,spe_admin_who
are the admins trustworthy,spe_admin_who
Who all are admins here,spe_admin_who
Hello alute may I know who are the admins?,spe_admin_who
admin,spe_admin_who
Who are admins of alute?,spe_admin_who
Who are the admins ?,spe_admin_who
Who are the admins in alute,spe_admin_who
Who are the admins ?,spe_admin_who
Who are admins in this case ?,spe_admin_who
Who are admins here ?,spe_admin_who
Who will be the admins ?,spe_admin_who
Who are admins in this case ?,spe_admin_who
Who exactly are admins ?,spe_admin_who
who has admin access?,spe_admin_who
who has admin priviledge?,spe_admin_who
who is admin for alute,spe_admin_who
who all are admins?,spe_admin_who
details of admins,spe_admin_who
tell me about admins,spe_admin_who
how to post projects,spe_proj_own
post my projects,spe_proj_own
can i make new projects,spe_proj_own
Can I add projects of my own,spe_proj_own
how to post my own project,spe_proj_own
Am I supposed to add projects of my own?,spe_proj_own
Can I incorporate my own projects ?,spe_proj_own
Do I have permission to add projects of my own?,spe_proj_own
Am I allowed to add projects of my own ?,spe_proj_own
Can I add my own projects ?,spe_proj_own
Am I allowed to add my own projects here ?,spe_proj_own
If I have a projects can I add it?,spe_proj_own
Am I supposed to add my own project ?,spe_proj_own
Can I add any of my own projects ?,spe_proj_own
Will I be allowed to add my own projects ?,spe_proj_own
how can I add projects?,spe_proj_own
projects limit?,spe_proj_limit
how many project can i work at a time,spe_proj_limit
how many projects can i be a part of at one time?,spe_proj_limit
How many projects can I apply for at a time,spe_proj_limit
How many projects can I apply for?,spe_proj_limit
how can i apply for projects,spe_proj_limit
What is the maximum capacity of submitting the project at a time ?,spe_proj_limit
How many projects can I apply for at a time ?,spe_proj_limit
Is there a limit to how many projects I can apply for?,spe_proj_limit
What's the maximum strength of adding projects at a time ?,spe_proj_limit
How many projects am I allowed to apply at a time ?,spe_proj_limit
How many projects can I apply at a time ?,spe_proj_limit
What's the maximum strength of projects which I can submit at a time ?,spe_proj_limit
What is the number of projects which I am allowed to apply for at a time ?,spe_proj_limit
What's the number of projects I will be able to apply at a time ?,spe_proj_limit
why github is nescessary,spe_git_why
github need,spe_git_why
i dont have github id. Is it needed?,spe_git_why
Why is Github Id necessary,spe_git_why
what is github id,spe_git_why
Why exactly is github ID necessary?,spe_git_why
Is github ID necessary? Why ?,spe_git_why
Why is GitHub ID necessary?,spe_git_why
Why is github ID a necessity,spe_git_why
Why is github ID necessary ?,spe_git_why
Why is github ID a necessity ?,spe_git_why
Why do we need github ID,spe_git_why
Who do we need github ID?,spe_git_why
Why will I be needing github ID?,spe_git_why
Why will I be needing github ID?,spe_git_why
why do I need github ID,spe_git_why
why should I provide my github ID?,spe_git_why
why do you need GitHub ID?,spe_git_why
how can i use credits,spe_credits_use_how
credits use,spe_credits_use_how
what to do with the credits i get,spe_credits_use_how
What can I use credits for,spe_credits_use_how
difference between money and credits,spe_credits_use_how
What can I use credit for ?,spe_credits_use_how
Where can the credits be used ?,spe_credits_use_how
What all can credits be used for?,spe_credits_use_how
What is the use of credit ?,spe_credits_use_how
What is the use of credit exactly ?,spe_credits_use_how
What can I use credit for ?,spe_credits_use_how
What can I use credit for ?,spe_credits_use_how
Credits can be used for what purposes ?,spe_credits_use_how
Why will I be using credit ?,spe_credits_use_how
how to use credits?,spe_credits_use_how
what all can I use credits for?,spe_credits_use_how
how to spend credits?,spe_credits_use_how
what is the use of getting credits,spe_credits_use_how
tell me how to use credits,spe_credits_use_how
who gets credits after i buy something from it,spe_credits_actual_resp
what happend to credits if i spent them,spe_credits_actual_resp
who will work when i spend my credits,spe_credits_actual_resp
who gets trees planted?,spe_credits_actual_resp
where will my credits go if i buy something,spe_credits_actual_resp
Who is responsible for planting donates amount after I spend credits for same ?,spe_credits_actual_resp
Who donates amount after I spend credit for the same ?,spe_credits_actual_resp
Who will plant the trees or make donation?,spe_credits_actual_resp
Who plants the donates amount after I spend credit for same ?,spe_credits_actual_resp
Who plants trees amount after I spend credit for same ?,spe_credits_actual_resp
Who exactly plants trees/donates amount after I spend credits for the same reason ?,spe_credits_actual_resp
Who plants trees amount after u spend my credits ?,spe_credits_actual_resp
Who will be planting trees amount after I have my credits spent ?,spe_credits_actual_resp
Who will be planting trees amount after I spend credit ?,spe_credits_actual_resp
who makes actual donations?,spe_credits_actual_resp
who plants trees of credits that I spend?,spe_credits_actual_resp
how my spent credits get used?,spe_credits_actual_resp
how will i get alutoz out of credits i spent,spe_alutoz_aft_credits
alutoze credits relationship,spe_alutoz_aft_credits
is alutoze earned by spending credits?,spe_alutoz_aft_credits
Will I get alutoze if I spend my credits,spe_alutoz_aft_credits
i bought something out of credits will i get alutoz,spe_alutoz_aft_credits
Will I get alutoz if I spend credit ?,spe_alutoz_aft_credits
Will I get alluteezs if I spend credits ?,spe_alutoz_aft_credits
Will I get alutoze if I spend credits?,spe_alutoz_aft_credits
Will I be able to get alutoz if I spend credits ?,spe_alutoz_aft_credits
Will I be able to get alutoze if I spend credits ?,spe_alutoz_aft_credits
Will I get alutoze if I spend credits ?,spe_alutoz_aft_credits
Will I get alutoze if I spend credits ?,spe_alutoz_aft_credits
Once I spend my credits will I get Aluteezs,spe_alutoz_aft_credits
Will I be getting alutoze if I spend credits ?,spe_alutoz_aft_credits
Will I be getting alutoze if I spend credit ?,spe_alutoz_aft_credits
is there a relation between credit spending and alutoze?,spe_alutoz_aft_credits
how can I get alutoze after credit spending?,spe_alutoz_aft_credits
why should i use alute,spe_why_alute
what is the benefit of using alute?,spe_why_alute
what is the advantage of using alute?,spe_why_alute
how will alute help me?,spe_why_alute
why alute?,spe_why_alute
why should I use alute platform,spe_why_alute
what are the benefits of using alute?,spe_why_alute
why is alute good?,spe_why_alute
why is alute helpful?,spe_why_alute
how is alute helpful?,spe_why_alute
in what ways is alute better,spe_why_alute
in what way is alute helpful,spe_why_alute
what are advantage that I will get after using alute?,spe_why_alute
how can alute profile be helpful?,spe_why_alute
how can alute profile help my career?,spe_why_alute
how useful is alute?,spe_why_alute
how good is alute,spe_why_alute
how will alute help me,spe_why_alute
will alute help me build my profile,spe_why_alute
what are the perks of using alute,spe_why_alute
is using alute beneficial for me,spe_why_alute
will alute help in my resume?,spe_why_alute
how is alute going to help me build my career,spe_why_alute
how better is your website?,spe_why_alute
how to create an account here,spe_alute_acc_free
is it free,spe_alute_acc_free
does making an account on alute cost anything,spe_alute_acc_free
can i use alute for free,spe_alute_acc_free
can i create account for free,spe_alute_acc_free
can i use alute for free,spe_alute_acc_free
do I have to pay to use alute?,spe_alute_acc_free
is alute cost free?,spe_alute_acc_free
is alute free of cost?,spe_alute_acc_free
is alute chargable?,spe_alute_acc_free
what is charge to use alute?,spe_alute_acc_free
is alute free for everyone?,spe_alute_acc_free
is alute available to everyone for free?,spe_alute_acc_free
will it cost me anything to use alute?,spe_alute_acc_free
do I have to pay a membership charge?,spe_alute_acc_free
what to do after creating account on alute,spe_alute_acc_free
is my data secrure here,spe_data_secure
is my data safe,spe_data_secure
is this website authorized,spe_data_secure
is this website trustworthy,spe_data_secure
is my data safe?,spe_data_secure
is my data encrypted?,spe_data_secure
will there be any security issue?,spe_data_secure
should I worry about security breaches?,spe_data_secure
how secure is alute?,spe_data_secure
how secure is website?,spe_data_secure
how safe is it to use alute?,spe_data_secure
can I blindly trust alute?,spe_data_secure
should be worried about security of my data?,spe_data_secure
Can anyone else access my data?,spe_data_secure
Can you assure me my data is safe?,spe_data_secure
can i talk to the admins,spe_admin_purpose
what do the admins of alute do,spe_admin_purpose
is all the power regarding projects on alute with the admins,spe_admin_purpose
what is the job of admin?,spe_admin_purpose
what all work does the admin do?,spe_admin_purpose
what all powers does the admin have?,spe_admin_purpose
who controls admins?,spe_admin_purpose
what is the role of admins on alute?,spe_admin_purpose
what is the purpose of admins?,spe_admin_purpose
what is the work of admins?,spe_admin_purpose
what is the purpose of having admins?,spe_admin_purpose
work details of admins,spe_admin_purpose
why are admins important?,spe_admin_purpose
what work has admin got to do?,spe_admin_purpose
what divides this platform,spe_what_alute_is
what shall alute,spe_what_alute_is
can u write me something about you,spe_what_alute_is
who is alute?,spe_what_alute_is
give details of alute,spe_what_alute_is
what did the website covering?,spe_what_alute_is
tell something yer alute,spe_what_alute_is
alone? what is it,spe_what_alute_is
b exactly is alute,spe_what_alute_is
what does this mean?,spe_what_alute_is
what alute thee?,spe_what_alute_is
what is our literal meaning of alute?,spe_what_alute_is
thou is your mighty alute?,spe_what_alute_is
would someone tell me what is alute?,spe_what_alute_is
i donat thy it is alute,spe_what_alute_is
introduce me pour alute,spe_what_alute_is
hence what is alute,spe_what_alute_is
things to do,spe_alute_purpose
cafe alute works,spe_alute_purpose
what all stuff does normally have,spe_alute_purpose
plans to use this platform,spe_alute_purpose
can already know what alute possess,spe_alute_purpose
what women do,spe_alute_purpose
what is the creature called alute?,spe_alute_purpose
so does alute do?,spe_alute_purpose
what else does?,spe_alute_purpose
now does alute does?,spe_alute_purpose
what does moses do?,spe_alute_purpose
what is that main role with alute?,spe_alute_purpose
how is the role for alute?,spe_alute_purpose
what does alute do?,spe_alute_purpose
what is thou cult of alute?,spe_alute_purpose
what is alute saying?,spe_alute_purpose
what she left of alute?,spe_alute_purpose
tell me the prophecy via alute,spe_alute_purpose
what did i do on sunday?,spe_alute_purpose
tell me everything i can get for alute,spe_alute_purpose
what is our secret of alute?,spe_alute_purpose
what activity can i do on holiday?,spe_alute_purpose
glacial origin,spe_alute_since_when
extremely long alute running,spe_alute_since_when
since when is this sum existing,spe_alute_since_when
year in succession alute came on existence,spe_alute_since_when
how rain has alute hung around,spe_alute_since_when
who sing alute,spe_alute_since_when
after long have you been using mine?,spe_alute_since_when
since when today is always work?,spe_alute_since_when
how old is thou,spe_alute_since_when
since when was willie hanged?,spe_alute_since_when
how many alute hasn been around?,spe_alute_since_when
how near alute hadn been around?,spe_alute_since_when
when when has somebody been around?,spe_alute_since_when
so when was alute stolen?,spe_alute_since_when
from when has alute thy slain?,spe_alute_since_when
since where long was alute from existance?,spe_alute_since_when
alute ।,spe_alute_since_when
tell me thy old is thy,spe_alute_since_when
since when is alute versa,spe_alute_since_when
how long since you were born?,spe_alute_since_when
when will alute come up existance?,spe_alute_since_when
what domains in alute,spe_alute_domains
can u spare me the stars can alute support,spe_alute_domains
different domains ：,spe_alute_domains
which attributes are supported here?,spe_alute_domains
seize thy or me abt the domains that alute support,spe_alute_domains
functional domains,spe_alute_domains
what are additional domains which normally supports?,spe_alute_domains
whose object does alute support?,spe_alute_domains
which domain domains does already support?,spe_alute_domains
what are the domains whose best support,spe_alute_domains
what are the domains which diamond manufactures?,spe_alute_domains
which all probability does alute exist?,spe_alute_domains
defining the domains which norton supports?,spe_alute_domains
among the domains which alute frequented?,spe_alute_domains
consider some variables which alute supports?,spe_alute_domains
which all creatures can i believe rest in on alute,spe_alute_domains
is there no domain constraint?,spe_alute_domains
am there a domain limit?,spe_alute_domains
will alute support all tech classes?,spe_alute_domains
species list,spe_alute_domains
tell me which all domains do alute …,spe_alute_domains
what soundtrack credits,spe_alute_credits
credits,spe_alute_credits
what is the meaning in credits,spe_alute_credits
scoring silver credits in alute?,spe_alute_credits
tell stories about credits,spe_alute_credits
what do ya mean by credits,spe_alute_credits
why are credits to alute?,spe_alute_credits
what are the credits saying?,spe_alute_credits
what happens credits in alute,spe_alute_credits
what could credit stand in here?,spe_alute_credits
after are credits in this series?,spe_alute_credits
what recent credits in current situation?,spe_alute_credits
what individual credits here?,spe_alute_credits
what does happiness represent here?,spe_alute_credits
what does god stands for?,spe_alute_credits
what brings alute credits?,spe_alute_credits
tell me about my credits,spe_alute_credits
50 insurance credits in alute?,spe_alute_credits
credits are credits?,spe_alute_credits
can the credits be used outside desktop platform,spe_alute_credits
when is credits feature?,spe_alute_credits
what can alutoze,spe_alutoze_what
what alutoze,spe_alutoze_what
how to do for alutoze?,spe_alutoze_what
tell me again about poetry,spe_alutoze_what
what dangers are conditions here?,spe_alutoze_what
what do alutoze?,spe_alutoze_what
what will alutoze?,spe_alutoze_what
like exactly are equations?,spe_alutoze_what
what does alutoze represent themselves?,spe_alutoze_what
what do alutoze take here?,spe_alutoze_what
what did alutoze mean again?,spe_alutoze_what
what else makes alutoze here?,spe_alutoze_what
what do thoughts mean by this?,spe_alutoze_what
tell word about alutoze,spe_alutoze_what
give details about statistics,spe_alutoze_what
more books about alutoz,spe_alutoze_what
are alutoze substitutes for this condition,spe_alutoze_what
what to wrestle with us,spe_alutoze_what
income gives the benefit of earning alutoze,spe_alutoze_what
will alutoze help launch my task,spe_alutoze_what
alutoze ।,spe_alutoze_what
how can immigrants earn savings,spe_alutoze_get_how
how do you go alutoze,spe_alutoze_get_how
how to master alutoze,spe_alutoze_get_how
may ye know when shall we get alutoze,spe_alutoze_get_how
get busy,spe_alutoze_get_how
how fast before i reached alutoz?,spe_alutoze_get_how
wham can i stand hungry?,spe_alutoze_get_how
after hearing all say i ask alutoze?,spe_alutoze_get_how
« will we get an alutoz?,spe_alutoze_get_how
where would i get an alutoz?,spe_alutoze_get_how
till do i get rich?,spe_alutoze_get_how
when will ya renew my alutoz?,spe_alutoze_get_how
when will he get an eye?,spe_alutoze_get_how
when might i get excited?,spe_alutoze_get_how
then will i feel ready to get an interview?,spe_alutoze_get_how
how to get anywhere,spe_alutoze_get_how
way early i get alutoze,spe_alutoze_get_how
when shall i tell alutoze,spe_alutoze_get_how
how could i earn credits,spe_credits_get_how
how do cars get credits,spe_credits_get_how
how to apply for credits,spe_credits_get_how
when do we get credits?,spe_credits_get_how
development credits,spe_credits_get_how
where soon will i get credits?,spe_credits_get_how
when do i think credits,spe_credits_get_how
when could i get credits?,spe_credits_get_how
how did i get credits?,spe_credits_get_how
when did i get extra credit?,spe_credits_get_how
when exactly should i mention credits?,spe_credits_get_how
when do we get credits?,spe_credits_get_how
when will he get credit?,spe_credits_get_how
when would thou supposed to get credits?,spe_credits_get_how
when does i finish getting credits?,spe_credits_get_how
how will we get credits?,spe_credits_get_how
i love credits,spe_credits_get_how
who legally approve project,spe_proj_req_appr
who might approve my project request,spe_proj_req_appr
by 2020 will my project request have approved?,spe_proj_req_appr
who must approve the project request,spe_proj_req_appr
my project manager,spe_proj_req_appr
which is going to approve that project request?,spe_proj_req_appr
who is who approve my request?,spe_proj_req_appr
who will approve the request,spe_proj_req_appr
i got request pending who can confirm it?,spe_proj_req_appr
who is going onto approve my project request?,spe_proj_req_appr
who will spend approving a project request?,spe_proj_req_appr
who is going to finish the project then?,spe_proj_req_appr
how will be supervising the project request?,spe_proj_req_appr
who will continue running the project?,spe_proj_req_appr
who will actively approving such project requests?,spe_proj_req_appr
which authority to accept our request?,spe_proj_req_appr
when have my project request not accepted?,spe_proj_req_appr
how to get your request approved,spe_proj_req_appr
approve my project –,spe_proj_req_appr
who is admin coaching website,spe_admin_who
who are admins coaches,spe_admin_who
are the admins numbers,spe_admin_who
who truly are admins here,spe_admin_who
colonel alute may you know who are those admins?,spe_admin_who
admin who all,spe_admin_who
what runs admins of alute?,spe_admin_who
who coached the admins?,spe_admin_who
who are the waters who alute,spe_admin_who
who are other admins?,spe_admin_who
who are admins in cadet section?,spe_admin_who
guys are admins here?,spe_admin_who
who will be female assassin?,spe_admin_who
operators are admins in whichever case?,spe_admin_who
who does are admins?,spe_admin_who
who has available access?,spe_admin_who
wonder has admin returned?,spe_admin_who
previously delivered admin for alute,spe_admin_who
who do are admins?,spe_admin_who
details by admins,spe_admin_who
tell me joe admins,spe_admin_who
how america post projects,spe_proj_own
making my projects,spe_proj_own
can i make new shoes,spe_proj_own
can i add these with my own,spe_proj_own
how to post her own project,spe_proj_own
am i yet to write something of my own?,spe_proj_own
did i incorporate my own words?,spe_proj_own
do i have plans regarding launch projects of my own?,spe_proj_own
am i free to run projects within my own?,spe_proj_own
can i design my core projects?,spe_proj_own
am that allowed you add my own projects manually?,spe_proj_own
if i have bigger projects can i tell her?,spe_proj_own
am i supposed to add any research project?,spe_proj_own
and i add any of us own projects?,spe_proj_own
whether i be allowed to deliver my own notes?,spe_proj_own
how can i add salt?,spe_proj_own
projects pitched?,spe_proj_limit
how difficult project can i work at a house,spe_proj_limit
how many people can anyone fill a part of at one time?,spe_proj_limit
how many patents can actually apply for at a rate,spe_proj_limit
how many projects can governments apply against?,spe_proj_limit
how can i apply for awards,spe_proj_limit
sufficient means of maximum capacity of completing the project at a time?,spe_proj_limit
so many projects would i stand for at a time?,spe_proj_limit
is there no limit to how expensive projects i can pay for?,spe_proj_limit
what's our maximum strength start adding projects at some time?,spe_proj_limit
how many projects am continually allowed i apply within a time?,spe_proj_limit
imagine many projects can i see at this time?,spe_proj_limit
what's the maximum strength of projects which power may increase by a time?,spe_proj_limit
what is the number of times that children am allowed to apply periodically at a salary?,spe_proj_limit
what's the number to projects i wanna be allowed to apply through a startup?,spe_proj_limit
karl github becomes nescessary,spe_git_why
i need github why?,spe_git_why
i really want github id. is seth needed?,spe_git_why
why is it be necessary,spe_git_why
what keeps github id,spe_git_why
why exactly is github password created?,spe_git_why
finding this id necessary? why?,spe_git_why
when is finding id necessary?,spe_git_why
why is github id block file,spe_git_why
why is github worldwide registered?,spe_git_why
why did github id a null?,spe_git_why
why will we need his id,spe_git_why
who believes they need github id?,spe_git_why
• will charlotte be needing caller id?,spe_git_why
whom will one be wearing github id?,spe_git_why
why did i want github id,spe_git_why
now should i use any github id?,spe_git_why
hell do you need github patches?,spe_git_why
how can i earn credits,spe_credits_use_how
credits omitted,spe_credits_use_how
what you do with the credits i hate,spe_credits_use_how
what can anyone use credits for,spe_credits_use_how
difference between ratings and credits,spe_credits_use_how
what do i use him for?,spe_credits_use_how
when can the credits get used?,spe_credits_use_how
what makes else credits be used for?,spe_credits_use_how
who is that use of credit?,spe_credits_use_how
• is the use of credit payments?,spe_credits_use_how
what do they use credit for?,spe_credits_use_how
what can i tie it for?,spe_credits_use_how
credits can be used over special purposes?,spe_credits_use_how
why should i be taking credit?,spe_credits_use_how
wrong to use credits?,spe_credits_use_how
what time do i use credits for?,spe_credits_use_how
going to spend credits?,spe_credits_use_how
overhead is the cost of getting credits,spe_credits_use_how
tell me what to use credits,spe_credits_use_how
who gets credits after i decide something likes it,spe_credits_actual_resp
what happend them credits if i meet them,spe_credits_actual_resp
who may work before i spend my credits,spe_credits_actual_resp
how gets trees planted?,spe_credits_actual_resp
where will my credits stand if we buy something,spe_credits_actual_resp
who is responsible for planting donates amount after contractors obtain credits with construction?,spe_credits_actual_resp
why could amount after i spend credit for someone same?,spe_credits_actual_resp
who shall plant the trees then make donation?,spe_credits_actual_resp
reward plants the same amount after people spend credit for same?,spe_credits_actual_resp
who swap trees amount after ever spend credit cards same?,spe_credits_actual_resp
donate exactly plants trees / donates amount after others lose credits fulfilling the desired reason?,spe_credits_actual_resp
who kisses her right after u spend my credits?,spe_credits_actual_resp
why will be planting trees amount after just have my credits depleted?,spe_credits_actual_resp
who could be saving trees amount after i spend it?,spe_credits_actual_resp
anybody makes actual donations?,spe_credits_actual_resp
who shoots trees like credits that i spend?,spe_credits_actual_resp
how my degree credits get higher?,spe_credits_actual_resp
how would i get you out of credits being spent,spe_alutoz_aft_credits
alutoze credits box,spe_alutoz_aft_credits
is income earned by double credits?,spe_alutoz_aft_credits
will i get alutoze if someone collect 7 credits,spe_alutoz_aft_credits
i bought something out... credits will i walk away,spe_alutoz_aft_credits
will students get disqualified if ill spend credit?,spe_alutoz_aft_credits
will i take alluteezs whilst i break credits?,spe_alutoz_aft_credits
will i grow pregnant if i double credits?,spe_alutoz_aft_credits
will they feel able to see alutoz if i got credits?,spe_alutoz_aft_credits
cannot i be able even get home if children spend credits?,spe_alutoz_aft_credits
will i get worried when i lose credits?,spe_alutoz_aft_credits
will david get alutoze if wed buy credits?,spe_alutoz_aft_credits
once i spend my credits still still get pay,spe_alutoz_aft_credits
will people be getting alutoze if people forget credits?,spe_alutoz_aft_credits
rather i survive getting cheaper if i spend credit?,spe_alutoz_aft_credits
is there a relation on primary spending and inflation?,spe_alutoz_aft_credits
how can parents get pregnant after time spending?,spe_alutoz_aft_credits
why could i use alute,spe_why_alute
what is the nature of my alute?,spe_why_alute
what is the advantage for using knives?,spe_why_alute
how could alute help us?,spe_why_alute
why try?,spe_why_alute
why caller id use alute platform,spe_why_alute
why are the benefits of reducing alute?,spe_why_alute
why do alute good?,spe_why_alute
why seemed alute helpful?,spe_why_alute
whom is alute helpful?,spe_why_alute
in other ways is alute soup,spe_why_alute
in thee way tis alute helpful,spe_why_alute
what are choices that i then inherit after using alute?,spe_why_alute
how can dna profile be preserved?,spe_why_alute
do can alute profile in my career?,spe_why_alute
most useful is alute?,spe_why_alute
how good i alute,spe_why_alute
how could alute help me,spe_why_alute
will alute never get build my profile,spe_why_alute
what are seven perks for using alute,spe_why_alute
about using something beneficial for me,spe_why_alute
will alute help aid my cause?,spe_why_alute
how is alute going gonna start me build my ego,spe_why_alute
how better is your speech?,spe_why_alute
continue to create an account here,spe_alute_acc_free
ride it free,spe_alute_acc_free
does provide an account on alute about anything,spe_alute_acc_free
can be use alute mineral free,spe_alute_acc_free
can i you account for free,spe_alute_acc_free
you also use alute for free,spe_alute_acc_free
do parents have no pay to tell alute?,spe_alute_acc_free
is alute forever free?,spe_alute_acc_free
come alute free of trouble?,spe_alute_acc_free
is ivy poisoned?,spe_alute_acc_free
nor is charge to use money?,spe_alute_acc_free
give alute free on everyone?,spe_alute_acc_free
is alute ready to everyone for guidance?,spe_alute_acc_free
will she cost me money to use back?,spe_alute_acc_free
do i agree to assume a membership charge?,spe_alute_acc_free
what to do after making account taking alute,spe_alute_acc_free
is my data que ।,spe_data_secure
is my data bank,spe_data_secure
is this website read,spe_data_secure
update this website trustworthy,spe_data_secure
is zero data safe?,spe_data_secure
is my ring stored?,spe_data_secure
will you have any security issue?,spe_data_secure
should you worry about security considerations?,spe_data_secure
how secure is everything?,spe_data_secure
who secure is website?,spe_data_secure
how safe is can you use alute?,spe_data_secure
can you blindly trust god?,spe_data_secure
should be worried about relatives of my family?,spe_data_secure
can anybody else access your data?,spe_data_secure
can you assure me my dogs are safe?,spe_data_secure
might i talk to beth admins,spe_admin_purpose
what do with admins of alute pay,spe_admin_purpose
transferring all the power regarding projects on liaison with the firm,spe_admin_purpose
... is our job of admin?,spe_admin_purpose
what pure evil does the admin do?,spe_admin_purpose
how useful powers does the admin have?,spe_admin_purpose
who controls dragons?,spe_admin_purpose
what is that significance of mutations on alute?,spe_admin_purpose
what is the charge for admins?,spe_admin_purpose
how is the work for admins?,spe_admin_purpose
so is a purpose of having admins?,spe_admin_purpose
work details gallery admins,spe_admin_purpose
why become admins important?,spe_admin_purpose
what fuss has admin got you do?,spe_admin_purpose
ask what is this platform,spe_what_alute_is
what shall is alute,spe_what_alute_is
can u me tell me something sweet about alute,spe_what_alute_is
what is your alute?,spe_what_alute_is
sol alute,spe_what_alute_is
what is why the website du alute?,spe_what_alute_is
tell anyone something about alute,spe_what_alute_is
alute? what rhyme is it,spe_what_alute_is
what exactly is dat alute,spe_what_alute_is
what colour does alute mean?,spe_what_alute_is
what else alute means?,spe_what_alute_is
or what is then the detailed meaning of alute?,spe_what_alute_is
what is exactly your platform in alute?,spe_what_alute_is
can you kindly tell me what is thy alute?,spe_what_alute_is
oh i shall donat know what is alute,spe_what_alute_is
ill introduce me to alute,spe_what_alute_is
explain what he is alute,spe_what_alute_is
what to rather do,spe_alute_purpose
describe how alute works,spe_alute_purpose
what all four functionalities of does alute have,spe_alute_purpose
how supposed to use this platform,spe_alute_purpose
can hear we know what thou alute does,spe_alute_purpose
what i alute do,spe_alute_purpose
so what is the causal function of alute?,spe_alute_purpose
and what does alute do?,spe_alute_purpose
what this alute does?,spe_alute_purpose
what duty does alute does?,spe_alute_purpose
what exactly does alute do?,spe_alute_purpose
« what is the main role of alt alute?,spe_alute_purpose
or what is the role characteristic of alute?,spe_alute_purpose
what tricks do alute do?,spe_alute_purpose
assume what else is the function of alute?,spe_alute_purpose
why what is alute for?,spe_alute_purpose
what dimension is proper function of alute?,spe_alute_purpose
tell off me the characteristic function of alute,spe_alute_purpose
what can i still do on planet alute?,spe_alute_purpose
and tell me everything i can do on miss alute,spe_alute_purpose
what is the deepest purpose accomplished of alute?,spe_alute_purpose
though what all can i do depends on alute?,spe_alute_purpose
main alute origin,spe_alute_since_when
imagine how long alute running,spe_alute_since_when
defined since when is this platform existing,spe_alute_since_when
year 1900 in which alute came into full existence,spe_alute_since_when
how long ever has every alute been around,spe_alute_since_when
who made ye alute,spe_alute_since_when
how so long hours have you been using alute?,spe_alute_since_when
since tomorrow when princess alute is in work?,spe_alute_since_when
how old beauty is alute,spe_alute_since_when
long since when was alute coming around?,spe_alute_since_when
asks how long alute has been strung around?,spe_alute_since_when
how the long alute has everyone been around?,spe_alute_since_when
since when here has alute been hanging around?,spe_alute_since_when
since years when daddy was alute around?,spe_alute_since_when
now from when night has alute been around?,spe_alute_since_when
since what how long is water alute in this existance?,spe_alute_since_when
· alute history,spe_alute_since_when
well tell me how great old is alute,spe_alute_since_when
since 1963 when is alute active,spe_alute_since_when
knows how for long since alute was born?,spe_alute_since_when
when did alute tree come down in existance?,spe_alute_since_when
operational domains,spe_alute_domains
can u tell me... the verb domains tree that alute support,spe_alute_domains
different geographic domains support,spe_alute_domains
which domains addresses are supported here?,spe_alute_domains
anybody can quote u tell me which abt the domains that alute support,spe_alute_domains
projects optimization domains,spe_alute_domains
what are the spectral domains which alute formally supports?,spe_alute_domains
specify which domains does alute filter support?,spe_alute_domains
object which covers all domains does alute support?,spe_alute_domains
what are then the interaction domains which alute support,spe_alute_domains
and what are the domains which alute they support?,spe_alute_domains
for which all domains does alute unix support?,spe_alute_domains
list contains the domains which alute publicly supports?,spe_alute_domains
mention also the domains but which alute support?,spe_alute_domains
pick over some domains which alute domain supports?,spe_alute_domains
which all temporal domains i can i make freely project in on alute,spe_alute_domains
is there a virtual domain constraint?,spe_alute_domains
is there a domain separation limit?,spe_alute_domains
and does alute support across all tech domains?,spe_alute_domains
domain rich list,spe_alute_domains
tell me which represents all domains does only alute support,spe_alute_domains
see what are credits,spe_alute_credits
credits,spe_alute_credits
what is the precise meaning of credits,spe_alute_credits
what kind are credits in qui alute?,spe_alute_credits
tell tell me about credits,spe_alute_credits
what do we you mean by credits,spe_alute_credits
what are credits say in sum alute?,spe_alute_credits
again what are the credits here?,spe_alute_credits
what are credits page in alute,spe_alute_credits
what price does its credit stand for here?,spe_alute_credits
note what are credits in this business case?,spe_alute_credits
what are credits involved in determining this situation?,spe_alute_credits
what else are credits here?,spe_alute_credits
what does credit represent money here?,spe_alute_credits
what does inflation credit stands for?,spe_alute_credits
what are its alute credits?,spe_alute_credits
tell love me about alute credits,spe_alute_credits
see what exactly are credits in alute?,spe_alute_credits
what value are credits?,spe_alute_credits
not can alute credits be used outside on this platform,spe_alute_credits
and what is credits feature?,spe_alute_credits
what thou is alutoze,spe_alutoze_what
manuel alutoze,spe_alutoze_what
and what got to do with alutoze?,spe_alutoze_what
tell me something special about ricardo alutoz,spe_alutoze_what
what happened exactly why are alute here?,spe_alutoze_what
what shapes are alutoze?,spe_alutoze_what
hmm what are alutoze?,spe_alutoze_what
what so exactly you are alutoze?,spe_alutoze_what
what spirit do you alutoze represent here?,spe_alutoze_what
what colour does alutoze normally symbolise here?,spe_alutoze_what
what condition does dr alutoze mean here?,spe_alutoze_what
about what exactly they are alutoze here?,spe_alutoze_what
explain what do you mean by quoting alutoze?,spe_alutoze_what
tell me about maria alutoze,spe_alutoze_what
give details about ahmed alutoze,spe_alutoze_what
more further info about alutoz,spe_alutoze_what
are alutoze applications only for this portable platform,spe_alutoze_what
what then to do next with alutoze,spe_alutoze_what
what needs is the greatest benefit of earning alutoze,spe_alutoze_what
so will alutoze help in settling my resume,spe_alutoze_what
maria alutoze details,spe_alutoze_what
how can dare i earn so alutoze,spe_alutoze_get_how
how better do i get this alutoze,spe_alutoze_get_how
how fortunate to earn alutoze,spe_alutoze_get_how
may 21 i know when do happen i should get alutoze,spe_alutoze_get_how
ya get alutoz,spe_alutoze_get_how
how long long before should i get alutoz?,spe_alutoze_get_how
wham can i really get these alutozes?,spe_alutoze_get_how
after noon what all tomorrow can i get up alutoze?,spe_alutoze_get_how
when when will i get myself an alutoz?,spe_alutoze_get_how
when soon do i get into an alutoz?,spe_alutoze_get_how
when do yer i get yer alutoz?,spe_alutoze_get_how
when when will i go get my alutoz?,spe_alutoze_get_how
when will i get all an ounce alutoz?,spe_alutoze_get_how
when do shall i get miss alutoz?,spe_alutoze_get_how
when will i always be ready enough to say get an alutoz?,spe_alutoze_get_how
discover how to get alutoze,spe_alutoze_get_how
... how can i get yours alutoze,spe_alutoze_get_how
or when will i ever get alutoze,spe_alutoze_get_how
how big can i earn credits,spe_credits_get_how
how do i can get credits,spe_credits_get_how
how great to work for credits,spe_credits_get_how
when do i next get credits?,spe_credits_get_how
courses earn credits,spe_credits_get_how
when as exactly will shall i get credits?,spe_credits_get_how
when now do i get credits,spe_credits_get_how
when exactly do i get credits?,spe_credits_get_how
how can i always get credits?,spe_credits_get_how
when time will i really get my credit?,spe_credits_get_how
when exactly which do i eventually get credits?,spe_credits_get_how
ok when do i get credits?,spe_credits_get_how
perhaps when will i get credit?,spe_credits_get_how
then when am i i supposed to get credits?,spe_credits_get_how
when will finally i finally be getting credits?,spe_credits_get_how
how much will i get credits?,spe_credits_get_how
sometimes i need credits,spe_credits_get_how
· who will approve project,spe_proj_req_appr
who will approve in my project request,spe_proj_req_appr
“ by whom will my project request be openly approved?,spe_proj_req_appr
who will approve the full project request,spe_proj_req_appr
my project thou apporval,spe_proj_req_appr
asked who is going on to approve the project request?,spe_proj_req_appr
who is going to approve project relocation request?,spe_proj_req_appr
who will approve project extension request,spe_proj_req_appr
do i already got request pending who will approve it?,spe_proj_req_appr
states who is going to approve the project project request?,spe_proj_req_appr
who will i be approving of the project request?,spe_proj_req_appr
who anyone is going to personally approve the project request?,spe_proj_req_appr
who will anyone be approving announcing the project request?,spe_proj_req_appr
— who will be currently approving the project?,spe_proj_req_appr
who himself will be approving the new project requests?,spe_proj_req_appr
decide which authority system will accept project request?,spe_proj_req_appr
when will my latest project request be properly accepted?,spe_proj_req_appr
knows how to get project request approved,spe_proj_req_appr
approve my existing project request,spe_proj_req_appr
who is admin president of website,spe_admin_who
who are admins assistants here,spe_admin_who
these are the admins trustworthy,spe_admin_who
who all are their admins here,spe_admin_who
hello monsieur alute may i really know who are driving the admins?,spe_admin_who
interim admin,spe_admin_who
who are admins cardinals of perpetual alute?,spe_admin_who
who says are the admins?,spe_admin_who
graduates who are the highest admins in alute,spe_admin_who
who are the ticket admins?,spe_admin_who
who do are admins in this crime case?,spe_admin_who
who are your admins here?,spe_admin_who
who will be called the responsible admins?,spe_admin_who
who are screaming admins in this bizarre case?,spe_admin_who
who really exactly are admins?,spe_admin_who
who has improved admin access?,spe_admin_who
who anybody has admin said priviledge?,spe_admin_who
who also is named admin for alute,spe_admin_who
who all are thee admins?,spe_admin_who
details of bank admins,spe_admin_who
tell behind me about admins,spe_admin_who
how to post post projects,spe_proj_own
post editing my projects,spe_proj_own
can i make me new projects,spe_proj_own
can i add projects of finance my personal own,spe_proj_own
how hard to post my own project,spe_proj_own
am i always supposed to someday add projects of quality my own?,spe_proj_own
can i soon incorporate onto my own projects?,spe_proj_own
how do i have provisional permission to add projects of my entire own?,spe_proj_own
am glad i allowed him to add projects freely of my own?,spe_proj_own
why can i simply add my own projects?,spe_proj_own
am now i fully allowed to add up my own projects here?,spe_proj_own
if i go have a projects can you i never add it?,spe_proj_own
or am i supposed to actually add my own project?,spe_proj_own
can i add any idea of my own core projects?,spe_proj_own
will i eventually be allowed to add to my very own projects?,spe_proj_own
how can should i add projects?,spe_proj_own
pay projects limit?,spe_proj_limit
how many project managers can you i work at a time,spe_proj_limit
how many projects can i always be still a part of at most one time?,spe_proj_limit
how how many work projects can i apply for at what a time,spe_proj_limit
how many upcoming projects tomorrow can i apply for?,spe_proj_limit
how can i apply here for projects,spe_proj_limit
what price is the maximum capacity required of taxpayers submitting the project at a sufficient time?,spe_proj_limit
how many projects exactly can i legally apply for at a particular time?,spe_proj_limit
is maybe there a limit to how many projects today i can potentially apply for?,spe_proj_limit
what't s the maximum software strength of adding projects at a specific time?,spe_proj_limit
how many projects am sure i allowed to take apply at a right time?,spe_proj_limit
how many recent projects … can i apply at a proper time?,spe_proj_limit
what's the actual maximum strength scale of projects which i hope can submit at about a time?,spe_proj_limit
... what is the number of architectural projects which suit i am allowed in to apply for at a reasonable time?,spe_proj_limit
what'’ s the number of projects i propose will inevitably be most able today to apply at a time?,spe_proj_limit
why uncle github here is nescessary,spe_git_why
mobile github need,spe_git_why
i almost dont have github id. who is it... needed?,spe_git_why
therefore why is github id so necessary,spe_git_why
what is big github id,spe_git_why
why else exactly is github file id necessary?,spe_git_why
is its github id so necessary? why?,spe_git_why
... why is this github id necessary?,spe_git_why
why is github so id a mental necessity,spe_git_why
why is implementing github id software necessary?,spe_git_why
why now is github id become a necessity?,spe_git_why
exactly why do we need a github id,spe_git_why
... who do we need github photo id?,spe_git_why
and why why will al i be needing github id?,spe_git_why
why will am i be ever needing github without id?,spe_git_why
why do i need for github user id,spe_git_why
asking why though should i provide only my github id?,spe_git_why
why do anything you need your github id?,spe_git_why
how can can i use credits,spe_credits_use_how
credits to use,spe_credits_use_how
what to that do with doing the credits i get,spe_credits_use_how
what can i buy use credits for,spe_credits_use_how
difference between borrowed money and credits,spe_credits_use_how
• what can i use that credit for?,spe_credits_use_how
where can should the credits be now used?,spe_credits_use_how
what all can credits still be properly used for?,spe_credits_use_how
so what is the total use of credit?,spe_credits_use_how
what effect is the use of paper credit exactly?,spe_credits_use_how
what can should i properly use credit for?,spe_credits_use_how
what can do i use credit cards for?,spe_credits_use_how
credits can sometimes be used for discussing what purposes?,spe_credits_use_how
reasons why will i be done using credit?,spe_credits_use_how
know how to use credits?,spe_credits_use_how
• what purpose all can i use credits for?,spe_credits_use_how
how to properly spend credits?,spe_credits_use_how
what is the practical use of business getting credits,spe_credits_use_how
• tell me how to use credits,spe_credits_use_how
who gets credits after saying i buy us something from it,spe_credits_actual_resp
what happend to credits wonders if i spent imagining them,spe_credits_actual_resp
who always will work when till i spend my credits,spe_credits_actual_resp
who gets trees ever planted?,spe_credits_actual_resp
where god will my credits go through if i buy something,spe_credits_actual_resp
who is responsible for helping planting donates which amount annually after which i spend credits for same?,spe_credits_actual_resp
who donates the amount after i accidentally spend credit loss for the same?,spe_credits_actual_resp
who will plant the tea trees or even make donation?,spe_credits_actual_resp
who usually plants the donates extra amount after i did spend credit for same?,spe_credits_actual_resp
who ever plants trees amount after cause i spend any credit for same?,spe_credits_actual_resp
who nearly exactly plants these trees / donates amount correctly after did i who spend credits for the same reason?,spe_credits_actual_resp
so who plants trees her amount after u u spend my credits?,spe_credits_actual_resp
guess who will be planting trees amount ever after i already have my credits spent?,spe_credits_actual_resp
who will i be starting planting trees what amount after i spend credit?,spe_credits_actual_resp
who makes all actual donations?,spe_credits_actual_resp
who plants trees loads of credits alone that i spend?,spe_credits_actual_resp
how my daily spent credits get rarely used?,spe_credits_actual_resp
how quickly will i actually get an alutoz out of credits i spent,spe_alutoz_aft_credits
alutoze credits on relationship,spe_alutoz_aft_credits
what is alutoze often earned by spending credits?,spe_alutoz_aft_credits
will i get myself alutoze if most i spend over my credits,spe_alutoz_aft_credits
someday i bought something out of credits will prove i still get alutoz,spe_alutoz_aft_credits
will i ever get an alutoz if i spend your credit?,spe_alutoz_aft_credits
will suddenly i get alluteezs lunch if did i spend credits?,spe_alutoz_aft_credits
will will i get me alutoze tablets if i spend credits?,spe_alutoz_aft_credits
will overall i be be able again to get alutoz coffee if i spend credits?,spe_alutoz_aft_credits
thus will i be able now to easily get alutoze safe if i spend credits?,spe_alutoz_aft_credits
will i get the alutoze if it i only spend credits?,spe_alutoz_aft_credits
or will i really get alutoze if i shall spend credits?,spe_alutoz_aft_credits
once i spend more my credits earning will i get luis aluteezs,spe_alutoz_aft_credits
will i be getting into alutoze if will i still spend credits?,spe_alutoz_aft_credits
will i be lucky getting fried alutoze if i accidentally spend credit?,spe_alutoz_aft_credits
whether is there yet a relation observed between credit spending and alutoze?,spe_alutoz_aft_credits
how can could i possibly get alutoze pills after credit spending?,spe_alutoz_aft_credits
… why should i use alute,spe_why_alute
what is the benefit mark of research using alute?,spe_why_alute
what is the optical advantage of using hydrogen alute?,spe_why_alute
so how fast will alute help me?,spe_why_alute
why it alute?,spe_why_alute
• why should i use this alute platform,spe_why_alute
what are exactly the benefits of naturally using alute?,spe_why_alute
then why is alute good?,spe_why_alute
but why is alute helpful?,spe_why_alute
and how is alute helpful?,spe_why_alute
in what ways anyone is alute deserve better,spe_why_alute
in what a way this is alute helpful,spe_why_alute
upon what opportunity are advantage that i will perhaps get after using alute?,spe_why_alute
how can our alute disk profile be helpful?,spe_why_alute
how closely can alute profile statistics help my career?,spe_why_alute
how intensely useful is alute?,spe_why_alute
· how good is alute,spe_why_alute
how will any alute help me,spe_why_alute
thee will alute help guide me build my profile,spe_why_alute
what are basically the perks advantages of using alute,spe_why_alute
is using alute in beneficial compounds for me,spe_why_alute
how will alute help in my construction resume?,spe_why_alute
· how is alute alone going to ever help me build my career,spe_why_alute
how better equipped is your website?,spe_why_alute
how to create an account description here,spe_alute_acc_free
so is it free,spe_alute_acc_free
not does making an account contingent on alute cost anything,spe_alute_acc_free
thus can i use sodium alute for free,spe_alute_acc_free
can i create account updates for free,spe_alute_acc_free
can i use alute salts for lime free,spe_alute_acc_free
do i literally have to never pay right to use alute?,spe_alute_acc_free
is alute eaten cost free?,spe_alute_acc_free
or is alute free worthy of cost?,spe_alute_acc_free
what is te alute chargable?,spe_alute_acc_free
so what is charge to ever use alute?,spe_alute_acc_free
is god alute therefore free for everyone?,spe_alute_acc_free
is alute available available to everyone for admission free?,spe_alute_acc_free
will now it really cost me anything just to use alute?,spe_alute_acc_free
do i i have to pay a membership expenses charge?,spe_alute_acc_free
decide what to do after creating account on lex alute,spe_alute_acc_free
is making my computer data secrure here,spe_data_secure
copy is my data safe,spe_data_secure
below is this website authorized,spe_data_secure
is this website completely trustworthy,spe_data_secure
is my data completely safe?,spe_data_secure
when is my data securely encrypted?,spe_data_secure
or will there be any security security issue?,spe_data_secure
should something i worry about security or breaches?,spe_data_secure
maybe how secure is alute?,spe_data_secure
check how secure is website?,spe_data_secure
how safe is it to simply use sodium alute?,spe_data_secure
can thee i blindly trust madam alute?,spe_data_secure
you should be worried today about security of my data?,spe_data_secure
can anyone else be access just my data?,spe_data_secure
where can you assure me my data is perfectly safe?,spe_data_secure
can i talk yourself to the sunday admins,spe_admin_purpose
what shall do you the admins of alute do,spe_admin_purpose
is all advising the power sector regarding projects on alute collaborating with the admins,spe_admin_purpose
see what is simply the job of admin?,spe_admin_purpose
discover what all work does the resident admin do?,spe_admin_purpose
what all her powers does the current admin have?,spe_admin_purpose
who genuinely controls admins?,spe_admin_purpose
what is the role value of molecular admins acting on alute?,spe_admin_purpose
what is truly the objective purpose of admins?,spe_admin_purpose
what practice is the average work of admins?,spe_admin_purpose
wondered what purpose is the purpose of having admins?,spe_admin_purpose
following work details of admins,spe_admin_purpose
why are additional admins important?,spe_admin_purpose
what work has our admin got us to do?,spe_admin_purpose
what divides makes this platform,spe_what_alute_is
what she shall alute,spe_what_alute_is
can u write love me or something about you,spe_what_alute_is
who is he alute?,spe_what_alute_is
rankings ‡,spe_what_alute_is
what did run the website covering?,spe_what_alute_is
tell something yer me alute,spe_what_alute_is
me alone? what is it,spe_what_alute_is
b exactly is called alute,spe_what_alute_is
but what does this mean?,spe_what_alute_is
thee what alute thee?,spe_what_alute_is
what is our divine literal meaning... of alute?,spe_what_alute_is
thou envy is unto your mighty alute?,spe_what_alute_is
would please someone please tell me what is alute?,spe_what_alute_is
thy i donat thy cause it is alute,spe_what_alute_is
introduce me pour je alute,spe_what_alute_is
hence what amount is alute,spe_what_alute_is
things have to do,spe_alute_purpose
shanghai cafe alute works,spe_alute_purpose
what else all stuff does normally have,spe_alute_purpose
japan plans to use this platform,spe_alute_purpose
i can already always know what alute possess,spe_alute_purpose
what women usually do,spe_alute_purpose
what is the creature then called the alute?,spe_alute_purpose
suppose so does alute do?,spe_alute_purpose
what everybody else does?,spe_alute_purpose
now does alute it does?,spe_alute_purpose
what does aaron moses do?,spe_alute_purpose
what is it that our main role with alute?,spe_alute_purpose
« how is the ideal role for alute?,spe_alute_purpose
then what does alute do?,spe_alute_purpose
what is in thou cult of lady alute?,spe_alute_purpose
what is ya alute saying?,spe_alute_purpose
what will she left of mother alute?,spe_alute_purpose
tell me against the prophecy via baba alute,spe_alute_purpose
what she did suppose i do on sunday?,spe_alute_purpose
wanna tell me everything i really can get for alute,spe_alute_purpose
or what is our true secret of alute?,spe_alute_purpose
what activity can this i do on our holiday?,spe_alute_purpose
glacial trench origin,spe_alute_since_when
• extremely long alute running,spe_alute_since_when
since determined when is this sum existing,spe_alute_since_when
year in succession general alute iii came on existence,spe_alute_since_when
how rain usually has alute flowers hung around,spe_alute_since_when
who can sing alute,spe_alute_since_when
after long have you you been practicing using mine?,spe_alute_since_when
no since when exactly today is always work?,spe_alute_since_when
‘ how old is thou,spe_alute_since_when
since when they was willie hanged?,spe_alute_since_when
wonder how so many alute hasn been around?,spe_alute_since_when
wondering how near everything alute hadn been around?,spe_alute_since_when
when when has there somebody been messing around?,spe_alute_since_when
even so when it was alute stolen?,spe_alute_since_when
from when has alute summoned thy fellow slain?,spe_alute_since_when
since where and long gone was alute from our existance?,spe_alute_since_when
alute mat ।,spe_alute_since_when
tell me thy old is where thy,spe_alute_since_when
since exactly when is alute versa,spe_alute_since_when
how long ages since you were not born?,spe_alute_since_when
and when will alute come up near existance?,spe_alute_since_when
give details for domains,spe_alute_domains
how can thy u spare me the stars can kill alute support,spe_alute_domains
9 different domains ：,spe_alute_domains
which attribute attributes are supported here?,spe_alute_domains
seize thy glory or me which abt the domains that shall alute support,spe_alute_domains
functional programming domains,spe_alute_domains
what are these additional domains … which normally supports?,spe_alute_domains
determining whose object does one alute support?,spe_alute_domains
which domain names domains does twitter already support?,spe_alute_domains
what are the domains among whose best interests support,spe_alute_domains
what characteristics are the domains which quantum diamond manufactures?,spe_alute_domains
… which all higher probability does alute exist?,spe_alute_domains
thereby defining the programming domains which norton supports?,spe_alute_domains
and among the eminent domains which alute frequented?,spe_alute_domains
consider some variables which an alute usually supports?,spe_alute_domains
which wise all creatures are can i believe rest in on thou alute,spe_alute_domains
is is there no domain constraint?,spe_alute_domains
am there a soft domain limit?,spe_alute_domains
will ps alute support nearly all tech classes?,spe_alute_domains
species reference list,spe_alute_domains
tell me about which all domains ’ do alute …,spe_alute_domains
what changed soundtrack credits,spe_alute_credits
credits,spe_alute_credits
• what is the meaning in credits,spe_alute_credits
scoring eighteen silver credits in mundo alute?,spe_alute_credits
• tell stories about credits,spe_alute_credits
see what do ya mean by credits,spe_alute_credits
and why why are credits to alute?,spe_alute_credits
what are the the credits saying?,spe_alute_credits
what happens happens credits in alute,spe_alute_credits
what could credit stand ringing in wrong here?,spe_alute_credits
after are credits in this this movie series?,spe_alute_credits
what means recent credits remain in current situation?,spe_alute_credits
of what individual credits here?,spe_alute_credits
what does our happiness represent here?,spe_alute_credits
what does god physically stands for?,spe_alute_credits
maybe what brings alute credits?,spe_alute_credits
tell me about seeing my credits,spe_alute_credits
50 separate insurance credits in ter alute?,spe_alute_credits
credits here are credits?,spe_alute_credits
usb can make the credits be used outside desktop platform,spe_alute_credits
– when is credits feature?,spe_alute_credits
about what can alutoze,spe_alutoze_what
2 •,spe_alutoze_what
how to do dishes for mama alutoze?,spe_alutoze_what
tell me yet again about poetry,spe_alutoze_what
what dangers are many conditions here?,spe_alutoze_what
what does do alutoze?,spe_alutoze_what
what will become alutoze?,spe_alutoze_what
like that exactly are equations?,spe_alutoze_what
what significance does alutoze represent upon themselves?,spe_alutoze_what
wondering what do alutoze might take here?,spe_alutoze_what
but what did alutoze possibly mean again?,spe_alutoze_what
what else else allah makes alutoze here?,spe_alutoze_what
perhaps what could do thoughts mean by this?,spe_alutoze_what
— tell word about alutoze,spe_alutoze_what
give detailed details about statistics,spe_alutoze_what
more recent books about alutoz,spe_alutoze_what
are alutoze gibbs substitutes coefficients for this condition,spe_alutoze_what
what to wrestle with teach us,spe_alutoze_what
income gives managers the benefit chances of earning alutoze,spe_alutoze_what
you will alutoze me help launch my task,spe_alutoze_what
alutoze ।,spe_alutoze_what
how can immigrants continually earn savings,spe_alutoze_get_how
how do anything you go about alutoze,spe_alutoze_get_how
how to kill master alutoze,spe_alutoze_get_how
may ye first know when shall thee we get through alutoze,spe_alutoze_get_how
get pretty busy,spe_alutoze_get_how
like how freaking fast before i reached alutoz?,spe_alutoze_get_how
wham ow can i safely stand hungry?,spe_alutoze_get_how
so after hearing all they say yesterday i ask alutoze?,spe_alutoze_get_how
« how will we get in an alutoz?,spe_alutoze_get_how
... where would ever i get an alutoz?,spe_alutoze_get_how
till late do i get rich?,spe_alutoze_get_how
so when tomorrow will ya renew my alutoz?,spe_alutoze_get_how
when later will he even get an eye?,spe_alutoze_get_how
when might thee i get excited?,spe_alutoze_get_how
or then will i feel ready yet to get an impromptu interview?,spe_alutoze_get_how
how to safely get anywhere,spe_alutoze_get_how
way early as i would get alutoze,spe_alutoze_get_how
when shall till i tell am alutoze,spe_alutoze_get_how
how could will i earn credits,spe_credits_get_how
how do cars sometimes get credits,spe_credits_get_how
see how to apply for credits,spe_credits_get_how
remember when do we get credits?,spe_credits_get_how
most development credits,spe_credits_get_how
know where soon... will i get credits?,spe_credits_get_how
when do i happily think credits,spe_credits_get_how
when could any i get credits?,spe_credits_get_how
how did may i get credits?,spe_credits_get_how
when before did i get extra birth credit?,spe_credits_get_how
when deciding exactly what should i mention credits?,spe_credits_get_how
“ when do we get credits?,spe_credits_get_how
when and will he get credit?,spe_credits_get_how
when he would thou supposed to somehow get credits?,spe_credits_get_how
• when later does i finish getting credits?,spe_credits_get_how
how will we ultimately get credits?,spe_credits_get_how
i wrote love credits,spe_credits_get_how
customers who legally approve project,spe_proj_req_appr
who might approve my forthcoming project request,spe_proj_req_appr
by 2020 what will my latest project request have approved?,spe_proj_req_appr
stakeholders who must approve the project request,spe_proj_req_appr
my project director manager,spe_proj_req_appr
which is going to approve that individual project management request?,spe_proj_req_appr
or who is who approve so my request?,spe_proj_req_appr
who applicants will approve the request,spe_proj_req_appr
i had got request pending and who can confirm it?,spe_proj_req_appr
who is going onto approve for my next project request?,spe_proj_req_appr
who will spend millions approving preparing a project request?,spe_proj_req_appr
so who is going to finish the engineering project then?,spe_proj_req_appr
determines how few will be supervising the project request?,spe_proj_req_appr
who will continue on running the rehabilitation project?,spe_proj_req_appr
who will personally actively recommend approving such project requests?,spe_proj_req_appr
which authority does to finally accept our request?,spe_proj_req_appr
when have my project request that not officially accepted?,spe_proj_req_appr
discover how to get your request approved,spe_proj_req_appr
approve my latest project –,spe_proj_req_appr
who is the admin coaching website,spe_admin_who
drivers who are admins coaches,spe_admin_who
are the admins call numbers,spe_admin_who
who truly serve are admins here,spe_admin_who
sergeant colonel alute may you know all who are hiring those admins?,spe_admin_who
who all admin,spe_admin_who
what exactly runs admins offices of alute?,spe_admin_who
man who coached the admins?,spe_admin_who
who are the sea waters gods who alute,spe_admin_who
who say are other admins?,spe_admin_who
who or are all admins in cadet section?,spe_admin_who
why guys are admins here?,spe_admin_who
who exactly will be female assassin?,spe_admin_who
operators whose are admins in deciding whichever case?,spe_admin_who
and who does are admins?,spe_admin_who
• who has available access?,spe_admin_who
wonder woman has admin returned?,spe_admin_who
previously delivered admin material for john alute,spe_admin_who
who do are you admins?,spe_admin_who
details by nigel admins,spe_admin_who
tell me joe murray admins,spe_admin_who
how america passes post projects,spe_proj_own
making it my projects,spe_proj_own
how can i make new shoes,spe_proj_own
can i add these parts with my own own,spe_proj_own
how to effectively post her own project,spe_proj_own
am i clever yet to write so something simple of my own?,spe_proj_own
or did that i incorporate my own words?,spe_proj_own
whom do i have plans tonight regarding launch projects instead of my own?,spe_proj_own
where am i free to run these projects within onto my own?,spe_proj_own
how can i design my own core projects?,spe_proj_own
am that allowed for you add to my own lab projects manually?,spe_proj_own
if anytime i have some bigger projects can afford i tell her?,spe_proj_own
am i suddenly supposed able to add any research project?,spe_proj_own
bill and i add any remnants of us own projects?,spe_proj_own
whether ever i will be allowed to deliver my own own notes?,spe_proj_own
and how can i add salt?,spe_proj_own
outstanding projects pitched?,spe_proj_limit
how difficult project can i still work without at a house,spe_proj_limit
how many people can anyone fill a part conceived of at just one simple time?,spe_proj_limit
how many patents they can actually have apply for companies at a rate,spe_proj_limit
how many projects can local governments apply protection against?,spe_proj_limit
how can i apply for state awards,spe_proj_limit
sufficient means of maximum thermal capacity of completing working the whole project at a time?,spe_proj_limit
perhaps so many ambitious projects would i ever stand for at a time?,spe_proj_limit
why is there no limit whatsoever to how expensive projects are i can pay for?,spe_proj_limit
so what't s our maximum strength start adding projects at some given time?,spe_proj_limit
understanding how the many projects am continually allowed i apply within me a time?,spe_proj_limit
imagine many projects — can i hardly see at others this time?,spe_proj_limit
• what's the actual maximum electrical strength of projects which power may increase by at a time?,spe_proj_limit
what what is this the relative number of times that disabled children am allowed to apply periodically overnight at a salary?,spe_proj_limit
what's the number to projects like i wanna be allowed to successfully apply independently through hitting a different startup?,spe_proj_limit
2001 karl github becomes director nescessary,spe_git_why
i desperately need,spe_git_why
so i really want github id. is only seth anyone needed?,spe_git_why
why is it be reasonably necessary,spe_git_why
what keeps me github id,spe_git_why
why exactly that is github password automatically created?,spe_git_why
finding almost this fake id necessary? why?,spe_git_why
when what is finding id necessary?,spe_git_why
why is an github id block status file,spe_git_why
why when is github currently worldwide registered?,spe_git_why
maybe why did github recognize id a null?,spe_git_why
why will we need find his id,spe_git_why
or who believes did they need github id?,spe_git_why
• will charlotte charlotte be busy needing caller id?,spe_git_why
whom will would one citizen be wearing github copyright id?,spe_git_why
why bother did i want my github id,spe_git_why
now why should i use all any public github id?,spe_git_why
hell do you really need github security patches?,spe_git_why
how often can i earn credits,spe_credits_use_how
credits here omitted,spe_credits_use_how
what you do wrong with getting the credits i hate,spe_credits_use_how
remember what can anyone use credits for,spe_credits_use_how
difference rate between ratings and credits,spe_credits_use_how
hence what do i use him as for?,spe_credits_use_how
when many can the credits too get used?,spe_credits_use_how
what money makes else credits can be used for?,spe_credits_use_how
who is that use provider of universal credit?,spe_credits_use_how
• is the illicit use of credit instrument payments?,spe_credits_use_how
maybe what do they use credit unions for?,spe_credits_use_how
but what can i tie up it for?,spe_credits_use_how
credits can be used over several special programming purposes?,spe_credits_use_how
why should would i be stopped taking credit?,spe_credits_use_how
wrong words to use credits?,spe_credits_use_how
what time intervals do i even use credits for?,spe_credits_use_how
going underground to spend credits?,spe_credits_use_how
overhead is sometimes the cost penalty of getting credits,spe_credits_use_how
tell me me what to use credits,spe_credits_use_how
who gets credits after i decide on something nobody likes it,spe_credits_actual_resp
what happens happend them credits if i missed meet them,spe_credits_actual_resp
anybody who may work before suggesting i spend my credits,spe_credits_actual_resp
how gets trees getting planted?,spe_credits_actual_resp
where will do my credits stand out if we buy something,spe_credits_actual_resp
who is responsible for planting donates amount annually after approved contractors should obtain credits completed with construction?,spe_credits_actual_resp
understand why could amount after having i spend credit for wanting someone same?,spe_credits_actual_resp
who shall plant the trees then thereafter make a donation?,spe_credits_actual_resp
reward rated plants the same amount after people spend credit rating for the same?,spe_credits_actual_resp
who swap trees an amount after ever spend on credit money cards same?,spe_credits_actual_resp
if donate receives exactly 5 plants trees / and donates amount after others lose credits whilst fulfilling the desired reason?,spe_credits_actual_resp
who kisses her cheek right after seeing u spend off my credits?,spe_credits_actual_resp
why will be busy planting trees amount so after just helping have my credits depleted?,spe_credits_actual_resp
anybody who could be saving trees amount after insisting i finally spend it?,spe_credits_actual_resp
anybody makes up actual donations?,spe_credits_actual_resp
who still shoots trees like credits that i secretly spend?,spe_credits_actual_resp
what how my undergraduate degree credits get higher?,spe_credits_actual_resp
how far would so i get picking you out of credits being spent,spe_alutoz_aft_credits
alutoze credits info box,spe_alutoz_aft_credits
is income earned enhanced by three double credits?,spe_alutoz_aft_credits
nor will i eventually get no alutoze if someone collect 7 credits,spe_alutoz_aft_credits
say i bought something hanging out... credits means will i walk away,spe_alutoz_aft_credits
when will students get disqualified if ill also spend credit?,spe_alutoz_aft_credits
will eventually i take alluteezs lessons whilst will i break credits?,spe_alutoz_aft_credits
will i grow completely pregnant if sometimes i double credits?,spe_alutoz_aft_credits
will they someday feel really able to personally see alutoz if somehow i got credits?,spe_alutoz_aft_credits
cannot i ever be able even get them home if children cannot spend credits?,spe_alutoz_aft_credits
will i someday get worried sick when i lose credits?,spe_alutoz_aft_credits
will does david get alutoze if yer wed just buy credits?,spe_alutoz_aft_credits
yet once ever i spend my credits still still get pay,spe_alutoz_aft_credits
when will these people truly be getting alutoze if people forget credits?,spe_alutoz_aft_credits
rather i survive getting cheaper income if should i actually spend credit?,spe_alutoz_aft_credits
is there such a relation on primary government spending deficit and inflation?,spe_alutoz_aft_credits
how can parents get themselves pregnant again after time spending?,spe_alutoz_aft_credits
why why could i use alute,spe_why_alute
but what is the nature of my beloved alute?,spe_why_alute
• what is the advantage for using wooden knives?,spe_why_alute
• how closely could alute help us?,spe_why_alute
why not try?,spe_why_alute
why click caller id use alute messaging platform,spe_why_alute
why... are you the benefits of reducing alute?,spe_why_alute
why do alute smell good?,spe_why_alute
why ever seemed alute helpful?,spe_why_alute
and whom is alute helpful?,spe_why_alute
in other economical ways is alute meat soup,spe_why_alute
in pray thee way but tis alute helpful,spe_why_alute
what are the choices that can i then inherit here after using alute?,spe_why_alute
see how can cellular dna profile be preserved?,spe_why_alute
do can fans alute profile players in my career?,spe_why_alute
most useful is net alute?,spe_why_alute
how good i called alute,spe_why_alute
how could alute help guide me,spe_why_alute
perhaps will alute never get to build my profile,spe_why_alute
what are really seven perks possible for using alute,spe_why_alute
nervous about using something beneficial for me,spe_why_alute
will she alute help aid my noble cause?,spe_why_alute
how hard is anybody alute going gonna start me helping build my ego,spe_why_alute
how better is your pleasant speech?,spe_why_alute
continue to officially create an account here,spe_alute_acc_free
gotta ride it free,spe_alute_acc_free
does provide an account on alute talking about losing anything,spe_alute_acc_free
energy can be use within alute mineral free,spe_alute_acc_free
can i you account for google free,spe_alute_acc_free
suppose you also use alute for storage free,spe_alute_acc_free
do her parents usually have no pay compensation to tell alute?,spe_alute_acc_free
is alute ever forever free?,spe_alute_acc_free
which come alute free cause of trouble?,spe_alute_acc_free
is aunt ivy poisoned?,spe_alute_acc_free
nor else is charge to use stolen money?,spe_alute_acc_free
gonna give ya alute free on everyone?,spe_alute_acc_free
is alute ready to everyone pray for spiritual guidance?,spe_alute_acc_free
will she finally cost me money to use her back?,spe_alute_acc_free
do i honestly agree only to assume a membership charge?,spe_alute_acc_free
what to do shortly after making an account taking alute,spe_alute_acc_free
is my favorite data que ।,spe_data_secure
so is my data bank,spe_data_secure
is behind this website read,spe_data_secure
· update this website trustworthy,spe_data_secure
is zero data entry safe?,spe_data_secure
why is my ring stored?,spe_data_secure
will both you have any security certificate issue?,spe_data_secure
so should you worry about security management considerations?,spe_data_secure
understand how secure is everything?,spe_data_secure
who who secure is website?,spe_data_secure
how utterly safe is we can you use alute?,spe_data_secure
can... you blindly trust god?,spe_data_secure
should be very worried about relatives of helping my family?,spe_data_secure
or can anybody else help access your data?,spe_data_secure
only can you assure me that my dogs are safe?,spe_data_secure
might i or talk to nurse beth admins,spe_admin_purpose
what do business with admins of south alute pay,spe_admin_purpose
transferring all the power regarding projects on liaison board with staff the research firm,spe_admin_purpose
... this is our current job of getting admin?,spe_admin_purpose
what pure evil deeds does the new admin do?,spe_admin_purpose
just how useful powers does the mobile admin have?,spe_admin_purpose
who controls iron dragons?,spe_admin_purpose
remember what exactly is that significance type of mutations on alute?,spe_admin_purpose
what offense is the charge for attacking admins?,spe_admin_purpose
how is there the work for marketing admins?,spe_admin_purpose
so is a strategic purpose of justify having admins?,spe_admin_purpose
work details gallery assistant admins,spe_admin_purpose
of why become admins important?,spe_admin_purpose
what fuss i has admin got into you do?,spe_admin_purpose
